Epoch,train_loss,train_accuracy,test_loss,test_accuracy
0,0.8791495561599731,0.6749400496482849,0.859290361404419,0.7613455653190613
1,0.8382296562194824,0.9179104566574097,0.830188512802124,0.9468550682067871
2,0.8311077952384949,0.9561567306518555,0.8268760442733765,0.9619824886322021
