Epoch,train_loss,train_accuracy,test_loss,test_accuracy
0,0.8588851094245911,0.810900866985321,0.8316137194633484,0.9422770738601685
