Epoch,train_loss,train_accuracy,test_loss,test_accuracy
0,1.6605952978134155,0.4350999891757965,0.5860610008239746,0.8185999989509583
